query,#relations,#conditions,#filters,#joins,orig/rewr(mean),orig/rewr+rewr(mean),text
001-014,3,7,5,2,orig,orig,"SELECT MIN(u.Id) FROM comments as c, votes as v, users as u WHERE u.Id = c.UserId AND u.Id = v.UserId AND c.CreationDate>=CAST('2010-10-01 20:45:26' AS TIMESTAMP) AND c.CreationDate<=CAST('2014-09-05 12:51:17' AS TIMESTAMP) AND v.BountyAmount<=100 AND u.UpVotes=0 AND u.CreationDate<=CAST('2014-09-12 03:25:34' AS TIMESTAMP)"
002-048,5,7,3,4,orig,orig,"SELECT MIN(c.Id) FROM comments as c, postHistory as ph, badges as b, votes as v, users as u WHERE u.Id =b.UserId AND b.UserId = ph.UserId AND ph.UserId = v.UserId AND v.UserId = c.UserId AND c.CreationDate>=CAST('2010-07-20 21:37:31' AS TIMESTAMP) AND ph.PostHistoryTypeId=12 AND u.UpVotes=0"
003-067,6,17,12,5,orig,orig,"SELECT MIN(c.Id) FROM comments as c, posts as p, postLinks as pl, postHistory as ph, votes as v, users as u WHERE p.Id = pl.PostId AND p.Id = ph.PostId AND p.Id = c.PostId AND u.Id = c.UserId AND u.Id = v.UserId AND c.Score=0 AND c.CreationDate>=CAST('2010-08-02 20:27:48' AS TIMESTAMP) AND c.CreationDate<=CAST('2014-09-10 16:09:23' AS TIMESTAMP) AND p.PostTypeId=1 AND p.Score=4 AND p.ViewCount<=4937 AND pl.CreationDate>=CAST('2011-11-03 05:09:35' AS TIMESTAMP) AND ph.PostHistoryTypeId=1 AND u.Reputation<=270 AND u.Views>=0 AND u.Views<=51 AND u.DownVotes>=0"
004-041,4,15,12,3,orig,orig,"SELECT MIN(pl.Id) FROM postLinks as pl, posts as p, users as u, badges as b WHERE p.Id = pl.RelatedPostId AND u.Id = p.OwnerUserId AND u.Id = b.UserId AND pl.CreationDate<=CAST('2014-08-17 01:23:50' AS TIMESTAMP) AND p.Score>=-1 AND p.Score<=10 AND p.AnswerCount<=5 AND p.CommentCount=2 AND p.FavoriteCount>=0 AND p.FavoriteCount<=6 AND u.Views<=33 AND u.DownVotes>=0 AND u.CreationDate>=CAST('2010-08-19 17:31:36' AS TIMESTAMP) AND u.CreationDate<=CAST('2014-08-06 07:23:12' AS TIMESTAMP) AND b.\\\""Date\\\""<=CAST('2014-09-10 22:50:06' AS TIMESTAMP)"
005-024,3,5,3,2,orig,orig,"SELECT MIN(v.Id) FROM votes as v, badges as b, users as u WHERE u.Id = v.UserId AND v.UserId = b.UserId AND v.BountyAmount>=0 AND v.BountyAmount<=50 AND u.DownVotes=0"
006-054,5,10,6,4,orig,orig,"SELECT MIN(c.Id) FROM comments as c, postLinks as pl, posts as p, users as u, badges as b WHERE p.Id = pl.RelatedPostId AND p.Id = c.PostId AND u.Id = b.UserId AND u.Id = p.OwnerUserId AND pl.LinkTypeId=1 AND pl.CreationDate>=CAST('2011-04-12 15:23:59' AS TIMESTAMP) AND p.Score=1 AND p.ViewCount>=0 AND p.FavoriteCount>=0 AND u.CreationDate>=CAST('2011-02-08 18:11:37' AS TIMESTAMP)"
007-057,5,11,7,4,orig,orig,"SELECT MIN(t.Id) FROM tags as t, posts as p, users as u, votes as v, badges as b WHERE p.Id = t.ExcerptPostId AND u.Id = v.UserId AND u.Id = b.UserId AND u.Id = p.OwnerUserId AND u.Views>=0 AND u.Views<=515 AND u.UpVotes>=0 AND u.CreationDate<=CAST('2014-09-07 13:46:41' AS TIMESTAMP) AND v.BountyAmount>=0 AND v.BountyAmount<=200 AND b.\\\""Date\\\""<=CAST('2014-09-12 12:56:22' AS TIMESTAMP)"
008-045,4,11,8,3,orig,orig,"SELECT MIN(ph.Id) FROM postHistory as ph, votes as v, users as u, badges as b WHERE u.Id = ph.UserId AND u.Id = v.UserId AND u.Id = b.UserId AND ph.PostHistoryTypeId=2 AND u.Views=5 AND u.DownVotes>=0 AND u.UpVotes>=0 AND u.UpVotes<=224 AND u.CreationDate<=CAST('2014-09-04 04:41:22' AS TIMESTAMP) AND b.\\\""Date\\\"">=CAST('2010-07-19 19:39:10' AS TIMESTAMP) AND b.\\\""Date\\\""<=CAST('2014-09-05 18:37:48' AS TIMESTAMP)"
009-033,4,12,9,3,orig,orig,"SELECT MIN(c.Id) FROM comments as c, postHistory as ph, votes as v, users as u WHERE u.Id = v.UserId AND v.UserId = ph.UserId AND ph.UserId =c.UserId AND v.BountyAmount>=0 AND v.CreationDate>=CAST('2010-07-26 00:00:00' AS TIMESTAMP) AND v.CreationDate<=CAST('2014-09-08 00:00:00' AS TIMESTAMP) AND u.Reputation>=1 AND u.Views>=0 AND u.Views<=110 AND u.UpVotes=0 AND u.CreationDate>=CAST('2010-07-28 19:29:11' AS TIMESTAMP) AND u.CreationDate<=CAST('2014-08-14 05:29:30' AS TIMESTAMP)"
010-063,6,17,12,5,orig,orig,"SELECT MIN(c.Id) FROM comments as c, posts as p, postLinks as pl, votes as v, badges as b, users as u WHERE p.Id = c.PostId AND p.Id = pl.RelatedPostId AND p.Id = v.PostId AND u.Id = p.OwnerUserId AND u.Id = b.UserId AND c.Score=0 AND p.AnswerCount>=0 AND p.AnswerCount<=4 AND p.CreationDate<=CAST('2014-09-12 15:56:19' AS TIMESTAMP) AND pl.LinkTypeId=1 AND pl.CreationDate>=CAST('2011-03-07 16:05:24' AS TIMESTAMP) AND v.BountyAmount<=100 AND v.CreationDate>=CAST('2009-02-03 00:00:00' AS TIMESTAMP) AND v.CreationDate<=CAST('2014-09-11 00:00:00' AS TIMESTAMP) AND u.Views<=160 AND u.CreationDate>=CAST('2010-07-27 12:58:30' AS TIMESTAMP) AND u.CreationDate<=CAST('2014-07-12 20:08:07' AS TIMESTAMP)"
011-050,5,14,10,4,rewr,orig,"SELECT MIN(c.Id) FROM comments as c, posts as p, votes as v, badges as b, users as u WHERE u.Id =c.UserId AND c.UserId = p.OwnerUserId AND p.OwnerUserId = v.UserId AND v.UserId = b.UserId AND c.Score=1 AND p.Score>=-2 AND p.Score<=23 AND p.ViewCount<=2432 AND p.CommentCount=0 AND p.FavoriteCount>=0 AND u.Reputation>=1 AND u.Reputation<=113 AND u.Views>=0 AND u.Views<=51"
012-019,3,4,2,2,orig,orig,"SELECT MIN(p.Id) FROM posts as p, postLinks as pl, users as u WHERE p.Id = pl.PostId AND p.OwnerUserId = u.Id AND p.CommentCount<=17 AND u.CreationDate<=CAST('2014-09-12 07:12:16' AS TIMESTAMP)"
013-055,5,7,3,4,orig,orig,"SELECT MIN(t.Id) FROM tags as t, posts as p, users as u, postHistory as ph, badges as b WHERE p.Id = t.ExcerptPostId AND u.Id = ph.UserId AND u.Id = b.UserId AND u.Id = p.OwnerUserId AND p.CommentCount>=0 AND u.DownVotes<=0 AND b.\\\""Date\\\""<=CAST('2014-08-22 02:21:55' AS TIMESTAMP)"
014-134,5,14,10,4,rewr,rewr,"SELECT MIN(c.Id) FROM comments as c, posts as p, postHistory as ph, badges as b, users as u WHERE u.Id = ph.UserId AND u.Id = b.UserId AND u.Id = p.OwnerUserId AND u.Id = c.UserId AND c.Score=0 AND p.Score>=-2 AND p.CommentCount>=0 AND p.CommentCount<=12 AND p.FavoriteCount>=0 AND p.FavoriteCount<=6 AND ph.CreationDate<=CAST('2014-08-18 08:54:12' AS TIMESTAMP) AND u.Views=0 AND u.DownVotes>=0 AND u.DownVotes<=60"
015-026,4,7,4,3,orig,orig,"SELECT MIN(c.Id) FROM comments as c, posts as p, postLinks as pl, users as u WHERE p.Id = c.PostId AND p.Id = pl.RelatedPostId AND p.OwnerUserId = u.Id AND c.CreationDate>=CAST('2010-07-21 11:05:37' AS TIMESTAMP) AND c.CreationDate<=CAST('2014-08-25 17:59:25' AS TIMESTAMP) AND u.UpVotes>=0 AND u.CreationDate>=CAST('2010-08-21 21:27:38' AS TIMESTAMP)"
016-021,3,9,7,2,orig,orig,"SELECT MIN(v.Id) FROM votes as v, posts as p, users as u WHERE v.PostId = p.Id AND v.UserId = u.Id AND v.CreationDate<=CAST('2014-09-12 00:00:00' AS TIMESTAMP) AND p.Score>=-1 AND p.CreationDate>=CAST('2010-10-21 13:21:24' AS TIMESTAMP) AND p.CreationDate<=CAST('2014-09-09 15:12:22' AS TIMESTAMP) AND u.UpVotes>=0 AND u.CreationDate>=CAST('2010-07-27 17:15:57' AS TIMESTAMP) AND u.CreationDate<=CAST('2014-09-03 12:47:42' AS TIMESTAMP)"
017-040,4,11,8,3,orig,orig,"SELECT MIN(pl.Id) FROM postLinks as pl, posts as p, users as u, badges as b WHERE p.Id = pl.RelatedPostId AND u.Id = p.OwnerUserId AND u.Id = b.UserId AND pl.LinkTypeId=1 AND p.Score>=-1 AND p.CommentCount<=8 AND p.CreationDate>=CAST('2010-07-21 12:30:43' AS TIMESTAMP) AND p.CreationDate<=CAST('2014-09-07 01:11:03' AS TIMESTAMP) AND u.Views<=40 AND u.CreationDate>=CAST('2010-07-26 19:11:25' AS TIMESTAMP) AND u.CreationDate<=CAST('2014-09-11 22:26:42' AS TIMESTAMP)"
018-065,6,15,10,5,orig,orig,"SELECT MIN(c.Id) FROM comments as c, posts as p, postLinks as pl, postHistory as ph, votes as v, users as u WHERE p.Id = pl.PostId AND p.Id = ph.PostId AND p.Id = c.PostId AND u.Id = c.UserId AND u.Id = v.UserId AND c.Score=0 AND c.CreationDate>=CAST('2010-07-20 06:26:28' AS TIMESTAMP) AND c.CreationDate<=CAST('2014-09-11 18:45:09' AS TIMESTAMP) AND p.PostTypeId=1 AND p.FavoriteCount>=0 AND p.FavoriteCount<=2 AND ph.PostHistoryTypeId=5 AND u.DownVotes<=0 AND u.UpVotes>=0 AND u.CreationDate>=CAST('2010-09-18 01:58:41' AS TIMESTAMP)"
019-130,5,14,10,4,orig,orig,"SELECT MIN(c.Id) FROM comments as c, posts as p, postLinks as pl, postHistory as ph, users as u WHERE pl.RelatedPostId = p.Id AND u.Id= c.UserId AND c.PostId = p.Id AND ph.PostId = p.Id AND c.CreationDate>=CAST('2010-07-11 12:25:05' AS TIMESTAMP) AND c.CreationDate<=CAST('2014-09-11 13:43:09' AS TIMESTAMP) AND p.CommentCount>=0 AND p.CommentCount<=14 AND pl.LinkTypeId=1 AND ph.CreationDate>=CAST('2010-08-06 03:14:53' AS TIMESTAMP) AND u.Reputation>=1 AND u.Reputation<=491 AND u.DownVotes>=0 AND u.DownVotes<=0"
020-027,4,11,8,3,orig,orig,"SELECT MIN(c.Id) FROM comments as c, posts as p, votes as v, users as u WHERE u.Id = c.UserId AND u.Id = p.OwnerUserId AND u.Id = v.UserId AND c.Score=0 AND c.CreationDate<=CAST('2014-09-13 20:12:15' AS TIMESTAMP) AND p.CreationDate>=CAST('2010-07-27 01:51:15' AS TIMESTAMP) AND v.BountyAmount<=50 AND v.CreationDate<=CAST('2014-09-12 00:00:00' AS TIMESTAMP) AND u.UpVotes>=0 AND u.UpVotes<=12 AND u.CreationDate>=CAST('2010-07-19 19:09:39' AS TIMESTAMP)"
021-036,4,9,6,3,orig,orig,"SELECT MIN(c.Id) FROM comments as c, votes as v, badges as b, users as u WHERE u.Id = c.UserId AND u.Id = v.UserId AND u.Id = b.UserId AND c.Score=0 AND v.BountyAmount>=0 AND v.BountyAmount<=300 AND v.CreationDate>=CAST('2010-07-29 00:00:00' AS TIMESTAMP) AND u.UpVotes>=0 AND u.UpVotes<=18"
022-125,4,10,7,3,orig,orig,"SELECT MIN(ph.Id) FROM postHistory as ph, votes as v, users as u, badges as b WHERE u.Id = b.UserId AND u.Id = ph.UserId AND u.Id = v.UserId AND ph.PostHistoryTypeId=1 AND v.CreationDate<=CAST('2014-09-12 00:00:00' AS TIMESTAMP) AND u.Reputation<=126 AND u.Views<=11 AND u.CreationDate>=CAST('2010-08-02 16:17:58' AS TIMESTAMP) AND u.CreationDate<=CAST('2014-09-12 00:16:30' AS TIMESTAMP) AND b.\\\""Date\\\""<=CAST('2014-09-03 16:13:12' AS TIMESTAMP)"
023-018,3,4,2,2,orig,orig,"SELECT MIN(p.Id) FROM posts as p, postLinks as pl, postHistory as ph WHERE p.Id = pl.PostId AND pl.PostId = ph.PostId AND p.CreationDate>=CAST('2010-07-19 20:08:37' AS TIMESTAMP) AND ph.CreationDate>=CAST('2010-07-20 00:30:00' AS TIMESTAMP)"
024-017,3,3,1,2,orig,orig,"SELECT MIN(p.Id) FROM posts as p, tags as t, votes as v WHERE p.Id = t.ExcerptPostId AND p.OwnerUserId = v.UserId AND p.CreationDate>=CAST('2010-07-20 02:01:05' AS TIMESTAMP)"
025-001,2,2,1,1,orig,orig,"SELECT MIN(b.Id) FROM badges as b, users as u WHERE b.UserId= u.Id AND u.UpVotes>=0"
026-066,6,17,12,5,orig,orig,"SELECT MIN(c.Id) FROM comments as c, posts as p, postLinks as pl, postHistory as ph, votes as v, users as u WHERE p.Id = pl.PostId AND p.Id = ph.PostId AND p.Id = c.PostId AND u.Id = c.UserId AND u.Id = v.UserId AND c.CreationDate>=CAST('2010-07-26 20:21:15' AS TIMESTAMP) AND c.CreationDate<=CAST('2014-09-13 01:26:16' AS TIMESTAMP) AND p.Score>=-1 AND p.Score<=19 AND p.CommentCount<=13 AND ph.PostHistoryTypeId=2 AND ph.CreationDate<=CAST('2014-08-07 12:06:00' AS TIMESTAMP) AND v.BountyAmount<=50 AND v.CreationDate>=CAST('2010-07-21 00:00:00' AS TIMESTAMP) AND v.CreationDate<=CAST('2014-09-14 00:00:00' AS TIMESTAMP) AND u.Views>=0 AND u.CreationDate<=CAST('2014-08-19 21:33:14' AS TIMESTAMP)"
027-132,5,15,11,4,rewr,orig,"SELECT MIN(c.Id) FROM comments as c, posts as p, postHistory as ph, votes as v, users as u WHERE v.UserId = u.Id AND c.UserId = u.Id AND p.OwnerUserId = u.Id AND ph.UserId = u.Id AND p.ViewCount>=0 AND p.AnswerCount>=0 AND p.AnswerCount<=5 AND ph.PostHistoryTypeId=2 AND ph.CreationDate>=CAST('2010-11-05 01:25:39' AS TIMESTAMP) AND ph.CreationDate<=CAST('2014-09-09 07:14:12' AS TIMESTAMP) AND v.BountyAmount>=0 AND v.BountyAmount<=100 AND v.CreationDate>=CAST('2010-07-26 00:00:00' AS TIMESTAMP) AND u.Views>=0 AND u.Views<=13"
028-062,6,12,7,5,orig,orig,"SELECT MIN(c.Id) FROM comments as c, posts as p, postLinks as pl, votes as v, badges as b, users as u WHERE p.Id = c.PostId AND p.Id = pl.RelatedPostId AND p.Id = v.PostId AND u.Id = p.OwnerUserId AND u.Id = b.UserId AND c.Score=2 AND p.ViewCount<=7710 AND p.CommentCount<=12 AND p.FavoriteCount>=0 AND p.FavoriteCount<=4 AND p.CreationDate>=CAST('2010-07-27 03:58:22' AS TIMESTAMP) AND u.UpVotes>=0"
029-023,3,4,2,2,orig,orig,"SELECT MIN(v.Id) FROM votes as v, badges as b, users as u WHERE u.Id = v.UserId AND v.UserId = b.UserId AND u.DownVotes>=0 AND u.DownVotes<=0"
030-092,3,6,4,2,orig,orig,"SELECT MIN(ph.Id) FROM postHistory as ph, posts as p, users as u WHERE ph.PostId = p.Id AND p.OwnerUserId = u.Id AND p.CreationDate>=CAST('2010-08-17 19:08:05' AS TIMESTAMP) AND p.CreationDate<=CAST('2014-08-31 06:58:12' AS TIMESTAMP) AND u.UpVotes>=0 AND u.UpVotes<=9"
031-025,4,7,4,3,orig,orig,"SELECT MIN(c.Id) FROM comments as c, posts as p, postLinks as pl, votes as v WHERE p.Id = c.PostId AND c.PostId = pl.PostId AND pl.PostId = v.PostId AND c.CreationDate>=CAST('2010-08-02 23:52:10' AS TIMESTAMP) AND p.Score>=-3 AND v.VoteTypeId=2 AND v.CreationDate<=CAST('2014-09-12 00:00:00' AS TIMESTAMP)"
032-086,4,6,3,3,orig,orig,"SELECT MIN(c.Id) FROM comments as c, votes as v, users as u, posts as p WHERE c.PostId = p.Id AND u.Id = c.UserId AND v.PostId = p.Id AND c.Score=0 AND u.Views>=0 AND u.Views<=74"
033-137,5,17,13,4,orig,orig,"SELECT MIN(c.Id) FROM comments as c, postLinks as pl, posts as p, users as u, badges as b WHERE u.Id = b.UserId AND u.Id = p.OwnerUserId AND p.Id = c.PostId AND p.Id = pl.RelatedPostId AND c.CreationDate<=CAST('2014-09-13 20:12:15' AS TIMESTAMP) AND pl.LinkTypeId=1 AND pl.CreationDate>=CAST('2011-09-03 21:00:10' AS TIMESTAMP) AND pl.CreationDate<=CAST('2014-07-30 21:29:52' AS TIMESTAMP) AND p.Score>=0 AND p.Score<=23 AND p.AnswerCount>=0 AND p.AnswerCount<=4 AND p.CommentCount>=0 AND p.CommentCount<=10 AND p.FavoriteCount<=9 AND p.CreationDate>=CAST('2010-07-22 12:17:20' AS TIMESTAMP) AND p.CreationDate<=CAST('2014-09-12 00:27:12' AS TIMESTAMP)"
034-016,3,9,7,2,orig,orig,"SELECT MIN(c.Id) FROM comments as c, badges as b, users as u WHERE u.Id = c.UserId AND c.UserId = b.UserId AND c.Score=0 AND b.\\\""Date\\\"">=CAST('2010-07-19 20:54:06' AS TIMESTAMP) AND u.DownVotes>=0 AND u.UpVotes>=0 AND u.UpVotes<=17 AND u.CreationDate>=CAST('2010-08-06 07:03:05' AS TIMESTAMP) AND u.CreationDate<=CAST('2014-09-08 04:18:44' AS TIMESTAMP)"
035-020,3,8,6,2,orig,orig,"SELECT MIN(ph.Id) FROM postHistory as ph, posts as p, users as u WHERE ph.PostId = p.Id AND p.OwnerUserId = u.Id AND ph.CreationDate<=CAST('2014-08-17 21:24:11' AS TIMESTAMP) AND p.CreationDate>=CAST('2010-07-26 19:26:37' AS TIMESTAMP) AND p.CreationDate<=CAST('2014-08-22 14:43:39' AS TIMESTAMP) AND u.Reputation>=1 AND u.Reputation<=6524 AND u.Views>=0"
036-100,4,10,7,3,orig,orig,"SELECT MIN(c.Id) FROM comments as c, posts as p, votes as v, users as u WHERE u.Id = p.OwnerUserId AND p.Id = v.PostId AND p.Id = c.PostId AND p.Score>=0 AND p.Score<=16 AND p.ViewCount>=0 AND p.CreationDate<=CAST('2014-09-09 12:00:50' AS TIMESTAMP) AND u.Reputation>=1 AND u.CreationDate>=CAST('2010-07-19 19:08:49' AS TIMESTAMP) AND u.CreationDate<=CAST('2014-08-28 12:15:56' AS TIMESTAMP)"
037-013,3,5,3,2,orig,orig,"SELECT MIN(c.Id) FROM comments as c, votes as v, users as u WHERE u.Id = c.UserId AND u.Id = v.UserId AND c.CreationDate>=CAST('2010-08-10 17:55:45' AS TIMESTAMP) AND u.Reputation>=1 AND u.Reputation<=691"
038-011,3,13,11,2,orig,orig,"SELECT MIN(c.Id) FROM comments as c, posts as p, users as u WHERE c.UserId = u.Id AND u.Id = p.OwnerUserId AND c.Score=0 AND p.Score>=0 AND p.Score<=15 AND p.ViewCount>=0 AND p.ViewCount<=3002 AND p.AnswerCount<=3 AND p.CommentCount<=10 AND u.DownVotes<=0 AND u.UpVotes>=0 AND u.CreationDate>=CAST('2010-08-23 16:21:10' AS TIMESTAMP) AND u.CreationDate<=CAST('2014-09-02 09:50:06' AS TIMESTAMP)"
039-117,4,10,7,3,orig,orig,"SELECT MIN(ph.Id) FROM postHistory as ph, posts as p, votes as v, users as u WHERE u.Id = p.OwnerUserId AND p.Id = ph.PostId AND p.Id = v.PostId AND ph.CreationDate>=CAST('2010-07-21 00:44:08' AS TIMESTAMP) AND p.ViewCount>=0 AND p.CommentCount>=0 AND v.VoteTypeId=2 AND u.Views>=0 AND u.Views<=34 AND u.UpVotes>=0"
040-101,4,11,8,3,orig,orig,"SELECT MIN(c.Id) FROM comments as c, posts as p, votes as v, users as u WHERE u.Id = p.OwnerUserId AND p.Id = v.PostId AND p.Id = c.PostId AND c.Score=0 AND c.CreationDate<=CAST('2014-09-10 02:47:53' AS TIMESTAMP) AND p.Score>=0 AND p.Score<=19 AND p.CommentCount<=10 AND p.CreationDate<=CAST('2014-08-28 13:31:33' AS TIMESTAMP) AND v.CreationDate<=CAST('2014-09-12 00:00:00' AS TIMESTAMP) AND u.DownVotes>=0"
041-078,6,10,5,5,orig,orig,"SELECT MIN(c.Id) FROM comments as c, posts as p, postHistory as ph, votes as v, badges as b, users as u WHERE u.Id = p.OwnerUserId AND u.Id = b.UserId AND p.Id = c.PostId AND p.Id = ph.PostId AND p.Id = v.PostId AND p.PostTypeId=1 AND p.CommentCount>=0 AND p.CommentCount<=12 AND p.FavoriteCount>=0 AND v.BountyAmount<=50"
042-006,2,6,5,1,rewr,orig,"SELECT MIN(b.Id) FROM badges as b, posts as p WHERE b.UserId = p.OwnerUserId AND b.\\\""Date\\\""<=CAST('2014-09-11 08:55:52' AS TIMESTAMP) AND p.AnswerCount>=0 AND p.AnswerCount<=4 AND p.CommentCount>=0 AND p.CommentCount<=17"
043-076,6,15,10,5,orig,orig,"SELECT MIN(c.Id) FROM comments as c, posts as p, postHistory as ph, votes as v, badges as b, users as u WHERE u.Id = p.OwnerUserId AND u.Id = b.UserId AND p.Id = c.PostId AND p.Id = ph.PostId AND p.Id = v.PostId AND p.PostTypeId=1 AND p.ViewCount<=4159 AND p.CommentCount>=0 AND p.CommentCount<=12 AND ph.PostHistoryTypeId=2 AND v.VoteTypeId=2 AND u.Views<=86 AND u.DownVotes>=0 AND u.DownVotes<=1 AND u.UpVotes<=6"
044-145,6,15,10,5,orig,orig,"SELECT MIN(c.Id) FROM comments as c, posts as p, postLinks as pl, postHistory as ph, votes as v, users as u WHERE u.Id = p.OwnerUserId AND p.Id = v.PostId AND p.Id = c.PostId AND p.Id = pl.PostId AND p.Id = ph.PostId AND p.PostTypeId=1 AND p.AnswerCount>=0 AND p.CreationDate>=CAST('2010-07-21 15:23:53' AS TIMESTAMP) AND p.CreationDate<=CAST('2014-09-11 23:26:14' AS TIMESTAMP) AND pl.CreationDate>=CAST('2010-11-16 01:27:37' AS TIMESTAMP) AND pl.CreationDate<=CAST('2014-08-21 15:25:23' AS TIMESTAMP) AND ph.PostHistoryTypeId=5 AND v.CreationDate>=CAST('2010-07-21 00:00:00' AS TIMESTAMP) AND u.UpVotes>=0 AND u.CreationDate<=CAST('2014-09-11 20:31:48' AS TIMESTAMP)"
045-046,5,14,10,4,orig,orig,"SELECT MIN(c.Id) FROM comments as c, posts as p, postLinks as pl, postHistory as ph, votes as v WHERE p.Id = c.PostId AND p.Id = pl.PostId AND p.Id = ph.PostId AND p.Id = v.PostId AND c.CreationDate>=CAST('2010-08-01 12:12:41' AS TIMESTAMP) AND p.Score<=44 AND p.FavoriteCount>=0 AND p.FavoriteCount<=3 AND p.CreationDate>=CAST('2010-08-11 13:53:56' AS TIMESTAMP) AND p.CreationDate<=CAST('2014-09-03 11:52:36' AS TIMESTAMP) AND pl.LinkTypeId=1 AND pl.CreationDate<=CAST('2014-08-11 17:26:31' AS TIMESTAMP) AND ph.CreationDate>=CAST('2010-09-20 19:11:45' AS TIMESTAMP) AND v.CreationDate<=CAST('2014-09-11 00:00:00' AS TIMESTAMP)"
046-128,5,14,10,4,orig,orig,"SELECT MIN(c.Id) FROM comments as c, posts as p, postLinks as pl, postHistory as ph, votes as v WHERE p.Id = pl.PostId AND p.Id = v.PostId AND p.Id = ph.PostId AND p.Id = c.PostId AND c.CreationDate>=CAST('2010-08-01 12:12:41' AS TIMESTAMP) AND p.Score<=44 AND p.FavoriteCount>=0 AND p.FavoriteCount<=3 AND p.CreationDate>=CAST('2010-08-11 13:53:56' AS TIMESTAMP) AND p.CreationDate<=CAST('2014-09-03 11:52:36' AS TIMESTAMP) AND pl.LinkTypeId=1 AND pl.CreationDate<=CAST('2014-08-11 17:26:31' AS TIMESTAMP) AND ph.CreationDate>=CAST('2010-09-20 19:11:45' AS TIMESTAMP) AND v.CreationDate<=CAST('2014-09-11 00:00:00' AS TIMESTAMP)"
047-008,3,7,5,2,rewr,orig,"SELECT MIN(c.Id) FROM comments as c, posts as p, postLinks as pl WHERE c.UserId = p.OwnerUserId AND p.Id = pl.PostId AND c.Score=0 AND p.CreationDate>=CAST('2010-09-06 00:58:21' AS TIMESTAMP) AND p.CreationDate<=CAST('2014-09-12 10:02:21' AS TIMESTAMP) AND pl.LinkTypeId=1 AND pl.CreationDate>=CAST('2011-07-09 22:35:44' AS TIMESTAMP)"
048-127,5,11,7,4,orig,orig,"SELECT MIN(c.Id) FROM comments as c, posts as p, postLinks as pl, postHistory as ph, votes as v WHERE p.Id = pl.PostId AND p.Id = v.PostId AND p.Id = ph.PostId AND p.Id = c.PostId AND c.Score=0 AND p.FavoriteCount>=0 AND p.CreationDate>=CAST('2010-07-23 02:00:12' AS TIMESTAMP) AND p.CreationDate<=CAST('2014-09-08 13:52:41' AS TIMESTAMP) AND pl.LinkTypeId=1 AND pl.CreationDate>=CAST('2011-10-06 21:41:26' AS TIMESTAMP) AND v.VoteTypeId=2"
049-118,4,11,8,3,orig,orig,"SELECT MIN(ph.Id) FROM postHistory as ph, posts as p, votes as v, users as u WHERE u.Id = p.OwnerUserId AND p.Id = ph.PostId AND p.Id = v.PostId AND ph.CreationDate<=CAST('2014-07-28 13:25:35' AS TIMESTAMP) AND p.PostTypeId=1 AND p.AnswerCount>=0 AND p.AnswerCount<=4 AND v.CreationDate>=CAST('2010-07-20 00:00:00' AS TIMESTAMP) AND v.CreationDate<=CAST('2014-09-03 00:00:00' AS TIMESTAMP) AND u.DownVotes=0 AND u.CreationDate<=CAST('2014-08-08 07:03:29' AS TIMESTAMP)"
050-106,4,12,9,3,rewr,orig,"SELECT MIN(c.Id) FROM comments as c, postHistory as ph, votes as v, users as u WHERE v.UserId = u.Id AND c.UserId = u.Id AND ph.UserId = u.Id AND c.CreationDate<=CAST('2014-08-28 07:25:55' AS TIMESTAMP) AND ph.PostHistoryTypeId=2 AND u.Reputation>=1 AND u.Views>=0 AND u.DownVotes>=0 AND u.UpVotes>=0 AND u.UpVotes<=15 AND u.CreationDate>=CAST('2010-09-03 11:45:16' AS TIMESTAMP) AND u.CreationDate<=CAST('2014-08-18 17:19:53' AS TIMESTAMP)"
051-090,3,8,6,2,rewr,orig,"SELECT MIN(ph.Id) FROM postHistory as ph, posts as p, users as u WHERE p.OwnerUserId = u.Id AND ph.UserId = u.Id AND ph.CreationDate>=CAST('2011-05-20 18:43:03' AS TIMESTAMP) AND p.FavoriteCount<=5 AND u.Views>=0 AND u.UpVotes>=0 AND u.CreationDate>=CAST('2010-11-27 21:46:49' AS TIMESTAMP) AND u.CreationDate<=CAST('2014-08-18 13:00:22' AS TIMESTAMP)"
052-029,4,13,10,3,orig,orig,"SELECT MIN(v.Id) FROM votes as v, posts as p, badges as b, users as u WHERE p.Id = v.PostId AND u.Id = p.OwnerUserId AND u.Id = b.UserId AND v.CreationDate<=CAST('2014-09-12 00:00:00' AS TIMESTAMP) AND p.PostTypeId=1 AND p.Score>=-1 AND p.FavoriteCount>=0 AND p.FavoriteCount<=20 AND b.\\\""Date\\\"">=CAST('2010-07-20 19:02:22' AS TIMESTAMP) AND b.\\\""Date\\\""<=CAST('2014-09-03 23:36:09' AS TIMESTAMP) AND u.DownVotes<=2 AND u.UpVotes>=0 AND u.CreationDate>=CAST('2010-11-26 03:34:11' AS TIMESTAMP)"
053-081,3,8,6,2,orig,orig,"SELECT MIN(c.Id) FROM comments as c, posts as p, users as u WHERE u.Id = p.OwnerUserId AND c.UserId = u.Id AND c.Score=0 AND p.AnswerCount<=5 AND p.CommentCount>=0 AND p.CommentCount<=11 AND p.FavoriteCount<=27 AND u.Reputation>=1"
054-064,6,16,11,5,orig,orig,"SELECT MIN(c.Id) FROM comments as c, posts as p, postLinks as pl, postHistory as ph, votes as v, users as u WHERE p.Id = pl.PostId AND p.Id = ph.PostId AND p.Id = c.PostId AND u.Id = c.UserId AND u.Id = v.UserId AND c.CreationDate<=CAST('2014-09-11 13:24:22' AS TIMESTAMP) AND p.PostTypeId=1 AND p.Score=2 AND p.FavoriteCount<=12 AND pl.CreationDate>=CAST('2010-08-13 11:42:08' AS TIMESTAMP) AND pl.CreationDate<=CAST('2014-08-29 00:27:05' AS TIMESTAMP) AND ph.CreationDate>=CAST('2011-01-03 23:47:35' AS TIMESTAMP) AND ph.CreationDate<=CAST('2014-09-08 12:48:36' AS TIMESTAMP) AND v.CreationDate>=CAST('2010-07-27 00:00:00' AS TIMESTAMP) AND u.Reputation>=1 AND u.DownVotes>=0"
055-009,3,4,2,2,orig,orig,"SELECT MIN(c.Id) FROM comments as c, posts as p, postHistory as ph WHERE p.Id = c.PostId AND p.Id = ph.PostId AND p.CommentCount>=0 AND p.CommentCount<=25"
056-007,3,5,3,2,rewr,orig,"SELECT MIN(c.Id) FROM comments as c, posts as p, postLinks as pl WHERE c.UserId = p.OwnerUserId AND p.Id = pl.PostId AND p.CommentCount<=18 AND p.CreationDate>=CAST('2010-07-23 07:27:31' AS TIMESTAMP) AND p.CreationDate<=CAST('2014-09-09 01:43:00' AS TIMESTAMP)"
057-087,3,7,5,2,rewr,orig,"SELECT MIN(c.Id) FROM comments as c, badges as b, users as u WHERE c.UserId = u.Id AND b.UserId = u.Id AND c.CreationDate>=CAST('2010-08-12 20:27:30' AS TIMESTAMP) AND c.CreationDate<=CAST('2014-09-12 12:49:19' AS TIMESTAMP) AND u.Views>=0 AND u.DownVotes>=0 AND u.DownVotes<=2"
058-010,3,10,8,2,rewr,orig,"SELECT MIN(c.Id) FROM comments as c, posts as p, users as u WHERE c.UserId = u.Id AND u.Id = p.OwnerUserId AND c.CreationDate>=CAST('2010-08-05 00:36:02' AS TIMESTAMP) AND c.CreationDate<=CAST('2014-09-08 16:50:49' AS TIMESTAMP) AND p.ViewCount>=0 AND p.ViewCount<=2897 AND p.CommentCount>=0 AND p.CommentCount<=16 AND p.FavoriteCount>=0 AND p.FavoriteCount<=10"
059-061,6,17,12,5,orig,orig,"SELECT MIN(c.Id) FROM comments as c, posts as p, postLinks as pl, votes as v, badges as b, users as u WHERE p.Id = c.PostId AND p.Id = pl.RelatedPostId AND p.Id = v.PostId AND u.Id = p.OwnerUserId AND u.Id = b.UserId AND c.CreationDate>=CAST('2010-08-06 12:21:39' AS TIMESTAMP) AND c.CreationDate<=CAST('2014-09-11 20:55:34' AS TIMESTAMP) AND p.Score>=0 AND p.Score<=13 AND p.FavoriteCount>=0 AND pl.LinkTypeId=1 AND pl.CreationDate>=CAST('2011-03-11 18:50:29' AS TIMESTAMP) AND v.VoteTypeId=2 AND v.CreationDate<=CAST('2014-09-11 00:00:00' AS TIMESTAMP) AND u.Reputation>=1 AND u.CreationDate>=CAST('2011-02-17 03:42:02' AS TIMESTAMP) AND u.CreationDate<=CAST('2014-09-01 10:54:39' AS TIMESTAMP)"
060-042,4,7,4,3,orig,orig,"SELECT MIN(ph.Id) FROM postHistory as ph, posts as p, votes as v, users as u WHERE p.Id = ph.PostId AND u.Id = p.OwnerUserId AND p.Id = v.PostId AND p.PostTypeId=1 AND p.Score>=-1 AND p.CommentCount>=0 AND p.CommentCount<=11"
061-053,5,7,3,4,rewr,orig,"SELECT MIN(c.Id) FROM comments as c, postLinks as pl, posts as p, users as u, badges as b WHERE p.Id = pl.RelatedPostId AND p.Id = c.PostId AND u.Id = b.UserId AND u.Id = p.OwnerUserId AND c.CreationDate<=CAST('2014-09-08 15:58:08' AS TIMESTAMP) AND p.ViewCount>=0 AND u.Reputation>=1"
062-129,5,10,6,4,orig,orig,"SELECT MIN(c.Id) FROM comments as c, posts as p, postLinks as pl, postHistory as ph, votes as v WHERE p.Id = pl.PostId AND p.Id = v.PostId AND p.Id = ph.PostId AND p.Id = c.PostId AND c.CreationDate<=CAST('2014-09-10 02:42:35' AS TIMESTAMP) AND p.Score>=-1 AND p.ViewCount<=5896 AND p.AnswerCount>=0 AND p.CreationDate>=CAST('2010-07-29 15:57:21' AS TIMESTAMP) AND v.VoteTypeId=2"
063-109,5,9,5,4,orig,orig,"SELECT MIN(c.Id) FROM comments as c, postLinks as pl, postHistory as ph, votes as v, posts as p WHERE pl.PostId = p.Id AND c.PostId = p.Id AND v.PostId = p.Id AND ph.PostId = p.Id AND c.Score=0 AND pl.CreationDate>=CAST('2011-11-21 22:39:41' AS TIMESTAMP) AND pl.CreationDate<=CAST('2014-09-01 16:29:56' AS TIMESTAMP) AND v.CreationDate>=CAST('2010-07-22 00:00:00' AS TIMESTAMP) AND v.CreationDate<=CAST('2014-09-14 00:00:00' AS TIMESTAMP)"
064-116,4,9,6,3,rewr,orig,"SELECT MIN(c.Id) FROM comments as c, postHistory as ph, badges as b, users as u WHERE u.Id = b.UserId AND u.Id = ph.UserId AND u.Id = c.UserId AND c.Score=2 AND ph.CreationDate>=CAST('2010-08-19 12:45:55' AS TIMESTAMP) AND ph.CreationDate<=CAST('2014-09-03 21:46:37' AS TIMESTAMP) AND u.Reputation>=1 AND u.Reputation<=1183 AND u.Views>=0"
065-012,3,7,5,2,orig,orig,"SELECT MIN(c.Id) FROM comments as c, postHistory as ph, users as u WHERE u.Id = c.UserId AND c.UserId = ph.UserId AND u.Reputation>=1 AND u.Reputation<=487 AND u.UpVotes<=27 AND u.CreationDate>=CAST('2010-10-22 22:40:35' AS TIMESTAMP) AND u.CreationDate<=CAST('2014-09-10 17:01:31' AS TIMESTAMP)"
066-094,3,4,2,2,rewr,orig,"SELECT MIN(v.Id) FROM votes as v, posts as p, users as u WHERE v.UserId = u.Id AND p.OwnerUserId = u.Id AND p.CommentCount>=0 AND u.CreationDate>=CAST('2010-12-15 06:00:24' AS TIMESTAMP)"
067-110,5,7,3,4,orig,orig,"SELECT MIN(c.Id) FROM comments as c, postLinks as pl, postHistory as ph, votes as v, posts as p WHERE pl.PostId = p.Id AND c.PostId = p.Id AND v.PostId = p.Id AND ph.PostId = p.Id AND c.Score=0 AND pl.CreationDate>=CAST('2011-03-22 06:18:34' AS TIMESTAMP) AND pl.CreationDate<=CAST('2014-08-22 20:04:25' AS TIMESTAMP)"
068-121,4,17,14,3,rewr,orig,"SELECT MIN(ph.Id) FROM postHistory as ph, posts as p, users as u, badges as b WHERE b.UserId = u.Id AND p.OwnerUserId = u.Id AND ph.UserId = u.Id AND ph.PostHistoryTypeId=2 AND ph.CreationDate>=CAST('2011-01-08 03:03:48' AS TIMESTAMP) AND ph.CreationDate<=CAST('2014-08-25 14:04:43' AS TIMESTAMP) AND p.AnswerCount<=4 AND p.CommentCount>=0 AND p.CommentCount<=12 AND p.FavoriteCount>=0 AND p.FavoriteCount<=89 AND p.CreationDate<=CAST('2014-09-02 10:21:04' AS TIMESTAMP) AND u.Reputation<=705 AND u.CreationDate>=CAST('2010-07-28 23:56:00' AS TIMESTAMP) AND u.CreationDate<=CAST('2014-09-02 10:04:41' AS TIMESTAMP) AND b.\\\""Date\\\"">=CAST('2010-07-20 20:47:27' AS TIMESTAMP) AND b.\\\""Date\\\""<=CAST('2014-09-09 13:24:28' AS TIMESTAMP)"
069-089,3,8,6,2,orig,orig,"SELECT MIN(ph.Id) FROM postHistory as ph, posts as p, users as u WHERE p.OwnerUserId = u.Id AND ph.UserId = u.Id AND p.Score>=-1 AND p.CommentCount>=0 AND p.CommentCount<=23 AND u.DownVotes=0 AND u.UpVotes>=0 AND u.UpVotes<=244"
070-003,2,3,2,1,rewr,orig,"SELECT MIN(c.Id) FROM comments as c, postHistory as ph WHERE c.UserId = ph.UserId AND c.Score=0 AND ph.PostHistoryTypeId=1"
071-080,3,12,10,2,rewr,orig,"SELECT MIN(c.Id) FROM comments as c, posts as p, users as u WHERE u.Id = p.OwnerUserId AND c.UserId = u.Id AND c.CreationDate>=CAST('2010-07-27 17:46:38' AS TIMESTAMP) AND p.AnswerCount>=0 AND p.AnswerCount<=4 AND p.CommentCount>=0 AND p.CommentCount<=11 AND p.CreationDate>=CAST('2010-07-26 09:46:48' AS TIMESTAMP) AND p.CreationDate<=CAST('2014-09-13 10:09:50' AS TIMESTAMP) AND u.Reputation>=1 AND u.CreationDate>=CAST('2010-08-03 19:42:40' AS TIMESTAMP) AND u.CreationDate<=CAST('2014-09-12 02:20:03' AS TIMESTAMP)"
072-099,4,7,4,3,rewr,orig,"SELECT MIN(c.Id) FROM comments as c, posts as p, votes as v, users as u WHERE u.Id = p.OwnerUserId AND u.Id = c.UserId AND u.Id = v.UserId AND c.Score=0 AND p.ViewCount>=0 AND u.Reputation<=306 AND u.UpVotes>=0"
073-146,6,14,9,5,orig,orig,"SELECT MIN(c.Id) FROM comments as c, posts as p, postLinks as pl, postHistory as ph, votes as v, users as u WHERE u.Id = p.OwnerUserId AND p.Id = v.PostId AND p.Id = c.PostId AND p.Id = pl.PostId AND p.Id = ph.PostId AND c.CreationDate>=CAST('2010-07-26 19:37:03' AS TIMESTAMP) AND p.Score>=-2 AND p.CommentCount<=18 AND p.CreationDate>=CAST('2010-07-21 13:50:08' AS TIMESTAMP) AND p.CreationDate<=CAST('2014-09-11 00:53:10' AS TIMESTAMP) AND pl.CreationDate<=CAST('2014-08-05 18:27:51' AS TIMESTAMP) AND ph.CreationDate>=CAST('2010-11-27 03:38:45' AS TIMESTAMP) AND u.DownVotes>=0 AND u.UpVotes>=0"
074-072,6,9,4,5,orig,orig,"SELECT MIN(c.Id) FROM comments as c, posts as p, postLinks as pl, postHistory as ph, votes as v, badges as b WHERE p.Id = c.PostId AND p.Id = pl.RelatedPostId AND p.Id = ph.PostId AND p.Id = v.PostId AND b.UserId = c.UserId AND c.Score=0 AND p.Score<=67 AND ph.PostHistoryTypeId=34 AND b.\\\""Date\\\""<=CAST('2014-08-20 12:16:56' AS TIMESTAMP)"
075-037,4,5,2,3,orig,orig,"SELECT MIN(c.Id) FROM comments as c, postLinks as pl, postHistory as ph, votes as v WHERE pl.PostId = c.PostId AND c.PostId = ph.PostId AND ph.PostId = v.PostId AND ph.CreationDate>=CAST('2011-05-07 21:47:19' AS TIMESTAMP) AND ph.CreationDate<=CAST('2014-09-10 13:19:54' AS TIMESTAMP)"
076-073,6,12,7,5,orig,orig,"SELECT MIN(c.Id) FROM comments as c, posts as p, postLinks as pl, postHistory as ph, votes as v, badges as b WHERE p.Id = c.PostId AND p.Id = pl.RelatedPostId AND p.Id = ph.PostId AND p.Id = v.PostId AND b.UserId = c.UserId AND c.CreationDate>=CAST('2010-07-22 01:19:43' AS TIMESTAMP) AND p.Score>=-1 AND p.ViewCount>=0 AND p.CommentCount<=9 AND ph.CreationDate>=CAST('2010-09-20 17:45:15' AS TIMESTAMP) AND ph.CreationDate<=CAST('2014-08-07 01:00:45' AS TIMESTAMP) AND v.VoteTypeId=15"
077-004,2,3,2,1,rewr,orig,"SELECT MIN(c.Id) FROM comments as c, postHistory as ph WHERE c.UserId = ph.UserId AND ph.PostHistoryTypeId=1 AND ph.CreationDate>=CAST('2010-09-14 11:59:07' AS TIMESTAMP)"
078-082,3,8,6,2,rewr,orig,"SELECT MIN(c.Id) FROM comments as c, postHistory as ph, users as u WHERE c.UserId = u.Id AND ph.UserId = u.Id AND c.CreationDate>=CAST('2010-08-09 07:24:50' AS TIMESTAMP) AND c.CreationDate<=CAST('2014-09-10 03:46:02' AS TIMESTAMP) AND u.Reputation>=1 AND u.Views<=80 AND u.UpVotes>=0 AND u.CreationDate>=CAST('2010-08-02 20:31:12' AS TIMESTAMP)"
079-112,5,8,4,4,orig,orig,"SELECT MIN(c.Id) FROM comments as c, postLinks as pl, postHistory as ph, votes as v, posts as p WHERE pl.PostId = p.Id AND c.PostId = p.Id AND v.PostId = p.Id AND ph.PostId = p.Id AND pl.LinkTypeId=1 AND pl.CreationDate>=CAST('2011-06-14 13:31:35' AS TIMESTAMP) AND v.CreationDate>=CAST('2010-07-19 00:00:00' AS TIMESTAMP) AND v.CreationDate<=CAST('2014-09-10 00:00:00' AS TIMESTAMP)"
080-119,4,9,6,3,rewr,orig,"SELECT MIN(ph.Id) FROM postHistory as ph, posts as p, users as u, badges as b WHERE b.UserId = u.Id AND p.OwnerUserId = u.Id AND ph.UserId = u.Id AND ph.PostHistoryTypeId=5 AND p.ViewCount>=0 AND p.ViewCount<=2024 AND u.Reputation>=1 AND u.Reputation<=750 AND b.\\\""Date\\\"">=CAST('2010-07-20 10:34:10' AS TIMESTAMP)"
081-111,5,8,4,4,orig,orig,"SELECT MIN(c.Id) FROM comments as c, postLinks as pl, postHistory as ph, votes as v, posts as p WHERE pl.PostId = p.Id AND c.PostId = p.Id AND v.PostId = p.Id AND ph.PostId = p.Id AND pl.LinkTypeId=1 AND pl.CreationDate>=CAST('2010-10-19 15:02:42' AS TIMESTAMP) AND ph.CreationDate<=CAST('2014-06-18 17:14:07' AS TIMESTAMP) AND v.CreationDate>=CAST('2010-07-20 00:00:00' AS TIMESTAMP)"
082-096,4,7,4,3,orig,orig,"SELECT MIN(c.Id) FROM comments as c, postHistory as ph, votes as v, posts as p WHERE ph.PostId = p.Id AND c.PostId = p.Id AND v.PostId = p.Id AND c.Score=0 AND c.CreationDate>=CAST('2010-08-26 06:55:11' AS TIMESTAMP) AND ph.CreationDate<=CAST('2014-09-05 06:39:25' AS TIMESTAMP) AND v.VoteTypeId=2"
083-039,4,12,9,3,rewr,orig,"SELECT MIN(c.Id) FROM comments as c, postHistory as ph, badges as b, users as u WHERE u.Id = c.UserId AND u.Id = ph.UserId AND u.Id = b.UserId AND c.Score=0 AND c.CreationDate>=CAST('2010-07-20 10:52:57' AS TIMESTAMP) AND ph.PostHistoryTypeId=5 AND ph.CreationDate>=CAST('2011-01-31 15:35:37' AS TIMESTAMP) AND u.Reputation>=1 AND u.Reputation<=356 AND u.DownVotes<=34 AND u.CreationDate>=CAST('2010-07-19 21:29:29' AS TIMESTAMP) AND u.CreationDate<=CAST('2014-08-20 14:31:46' AS TIMESTAMP)"
084-044,4,19,16,3,rewr,orig,"SELECT MIN(ph.Id) FROM postHistory as ph, posts as p, users as u, badges as b WHERE u.Id = p.OwnerUserId AND p.OwnerUserId = ph.UserId AND ph.UserId = b.UserId AND ph.CreationDate>=CAST('2010-09-06 11:41:43' AS TIMESTAMP) AND ph.CreationDate<=CAST('2014-09-03 16:41:18' AS TIMESTAMP) AND p.Score>=-1 AND p.ViewCount>=0 AND p.ViewCount<=39097 AND p.AnswerCount>=0 AND p.CommentCount>=0 AND p.CommentCount<=11 AND p.FavoriteCount<=10 AND p.CreationDate>=CAST('2010-08-13 02:18:09' AS TIMESTAMP) AND p.CreationDate<=CAST('2014-09-09 10:20:27' AS TIMESTAMP) AND u.Views>=0 AND u.DownVotes>=0 AND u.DownVotes<=0 AND u.UpVotes>=0 AND u.UpVotes<=37"
085-093,3,5,3,2,rewr,orig,"SELECT MIN(v.Id) FROM votes as v, posts as p, users as u WHERE v.UserId = u.Id AND p.OwnerUserId = u.Id AND p.PostTypeId=2 AND p.CreationDate<=CAST('2014-08-26 22:40:26' AS TIMESTAMP) AND u.Views>=0"
086-083,3,7,5,2,rewr,orig,"SELECT MIN(c.Id) FROM comments as c, postHistory as ph, users as u WHERE c.UserId = u.Id AND ph.UserId = u.Id AND u.Reputation>=1 AND u.Reputation<=7931 AND u.Views<=109 AND u.DownVotes>=0 AND u.CreationDate<=CAST('2014-09-12 13:12:56' AS TIMESTAMP)"
087-022,3,6,4,2,rewr,orig,"SELECT MIN(v.Id) FROM votes as v, posts as p, users as u WHERE v.UserId = p.OwnerUserId AND p.OwnerUserId = u.Id AND p.CommentCount>=0 AND p.CommentCount<=12 AND u.CreationDate>=CAST('2010-07-22 04:38:06' AS TIMESTAMP) AND u.CreationDate<=CAST('2014-09-08 15:55:02' AS TIMESTAMP)"
088-102,4,7,4,3,rewr,orig,"SELECT MIN(v.Id) FROM votes as v, posts as p, badges as b, users as u WHERE u.Id = b.UserId AND u.Id = p.OwnerUserId AND p.Id = v.PostId AND p.AnswerCount>=0 AND p.AnswerCount<=7 AND p.CreationDate<=CAST('2014-09-12 00:03:32' AS TIMESTAMP) AND b.\\\""Date\\\""<=CAST('2014-09-11 07:27:36' AS TIMESTAMP)"
089-131,5,15,11,4,rewr,orig,"SELECT MIN(c.Id) FROM comments as c, posts as p, postHistory as ph, votes as v, users as u WHERE v.UserId = u.Id AND c.UserId = u.Id AND p.OwnerUserId = u.Id AND ph.UserId = u.Id AND c.Score=2 AND p.AnswerCount>=0 AND p.AnswerCount<=9 AND p.CreationDate>=CAST('2010-07-20 18:17:25' AS TIMESTAMP) AND p.CreationDate<=CAST('2014-08-26 12:57:22' AS TIMESTAMP) AND ph.CreationDate<=CAST('2014-09-02 07:58:47' AS TIMESTAMP) AND v.BountyAmount>=0 AND v.CreationDate>=CAST('2010-05-19 00:00:00' AS TIMESTAMP) AND u.UpVotes<=230 AND u.CreationDate>=CAST('2010-09-22 01:07:10' AS TIMESTAMP) AND u.CreationDate<=CAST('2014-08-15 05:52:23' AS TIMESTAMP)"
090-079,6,12,7,5,rewr,orig,"SELECT MIN(c.Id) FROM comments as c, posts as p, postHistory as ph, votes as v, badges as b, users as u WHERE u.Id = p.OwnerUserId AND u.Id = b.UserId AND p.Id = c.PostId AND p.Id = ph.PostId AND p.Id = v.PostId AND c.Score=0 AND p.Score<=21 AND p.AnswerCount<=3 AND p.FavoriteCount>=0 AND v.CreationDate>=CAST('2010-07-19 00:00:00' AS TIMESTAMP) AND b.\\\""Date\\\""<=CAST('2014-09-11 18:35:08' AS TIMESTAMP) AND u.Reputation<=240"
091-035,4,9,6,3,rewr,orig,"SELECT MIN(c.Id) FROM comments as c, votes as v, badges as b, users as u WHERE u.Id = c.UserId AND u.Id = v.UserId AND u.Id = b.UserId AND c.Score=0 AND v.BountyAmount>=0 AND v.CreationDate<=CAST('2014-09-11 00:00:00' AS TIMESTAMP) AND u.DownVotes<=57 AND u.CreationDate>=CAST('2010-08-26 09:01:31' AS TIMESTAMP) AND u.CreationDate<=CAST('2014-08-10 11:01:39' AS TIMESTAMP)"
092-103,4,9,6,3,rewr,orig,"SELECT MIN(v.Id) FROM votes as v, posts as p, badges as b, users as u WHERE u.Id = b.UserId AND u.Id = p.OwnerUserId AND u.Id = v.UserId AND p.PostTypeId=1 AND p.CommentCount>=0 AND p.CommentCount<=15 AND u.Reputation>=1 AND u.DownVotes>=0 AND u.DownVotes<=1"
093-075,6,16,11,5,rewr,orig,"SELECT MIN(c.Id) FROM comments as c, posts as p, postHistory as ph, votes as v, badges as b, users as u WHERE u.Id = p.OwnerUserId AND u.Id = b.UserId AND p.Id = c.PostId AND p.Id = ph.PostId AND p.Id = v.PostId AND c.Score=0 AND c.CreationDate<=CAST('2014-09-09 19:58:29' AS TIMESTAMP) AND p.Score>=-4 AND p.ViewCount>=0 AND p.ViewCount<=5977 AND p.AnswerCount<=4 AND p.CommentCount>=0 AND p.CommentCount<=11 AND p.CreationDate>=CAST('2011-01-25 08:31:41' AS TIMESTAMP) AND u.Reputation<=312 AND u.DownVotes<=0"
094-091,3,7,5,2,rewr,orig,"SELECT MIN(ph.Id) FROM postHistory as ph, posts as p, users as u WHERE p.OwnerUserId = u.Id AND ph.UserId = u.Id AND ph.CreationDate>=CAST('2010-08-21 05:30:40' AS TIMESTAMP) AND p.Score>=0 AND u.Reputation>=1 AND u.UpVotes<=198 AND u.CreationDate>=CAST('2010-07-19 20:49:05' AS TIMESTAMP)"
095-139,6,12,7,5,rewr,orig,"SELECT MIN(c.Id) FROM comments as c, posts as p, postLinks as pl, votes as v, badges as b, users as u WHERE u.Id = p.OwnerUserId AND p.Id = pl.RelatedPostId AND p.Id = v.PostId AND p.Id = c.PostId AND u.Id = b.UserId AND p.Score>=-1 AND p.Score<=14 AND pl.CreationDate<=CAST('2014-06-25 13:05:06' AS TIMESTAMP) AND v.CreationDate>=CAST('2009-02-02 00:00:00' AS TIMESTAMP) AND b.\\\""Date\\\"">=CAST('2010-08-04 08:50:31' AS TIMESTAMP) AND b.\\\""Date\\\""<=CAST('2014-09-02 02:51:22' AS TIMESTAMP) AND u.DownVotes>=0"
096-095,4,4,1,3,rewr,orig,"SELECT MIN(c.Id) FROM comments as c, postHistory as ph, votes as v, posts as p WHERE ph.PostId = p.Id AND c.PostId = p.Id AND v.PostId = p.Id AND v.CreationDate<=CAST('2014-09-12 00:00:00' AS TIMESTAMP)"
097-077,6,16,11,5,rewr,orig,"SELECT MIN(c.Id) FROM comments as c, posts as p, postHistory as ph, votes as v, badges as b, users as u WHERE u.Id = p.OwnerUserId AND u.Id = b.UserId AND p.Id = c.PostId AND p.Id = ph.PostId AND p.Id = v.PostId AND p.ViewCount>=0 AND p.AnswerCount>=0 AND p.AnswerCount<=7 AND p.FavoriteCount>=0 AND p.FavoriteCount<=17 AND v.VoteTypeId=5 AND b.\\\""Date\\\"">=CAST('2010-08-01 02:54:53' AS TIMESTAMP) AND u.Reputation>=1 AND u.Views>=0 AND u.CreationDate>=CAST('2010-08-19 06:26:34' AS TIMESTAMP) AND u.CreationDate<=CAST('2014-09-11 05:22:26' AS TIMESTAMP)"
098-124,4,9,6,3,rewr,orig,"SELECT MIN(ph.Id) FROM postHistory as ph, votes as v, users as u, badges as b WHERE u.Id = b.UserId AND u.Id = ph.UserId AND u.Id = v.UserId AND v.CreationDate<=CAST('2014-09-10 00:00:00' AS TIMESTAMP) AND u.DownVotes>=0 AND u.DownVotes<=3 AND u.UpVotes>=0 AND u.UpVotes<=71 AND b.\\\""Date\\\"">=CAST('2010-07-19 21:54:06' AS TIMESTAMP)"
099-031,4,9,6,3,rewr,orig,"SELECT MIN(v.Id) FROM votes as v, posts as p, badges as b, users as u WHERE u.Id = v.UserId AND u.Id = p.OwnerUserId AND u.Id = b.UserId AND v.CreationDate<=CAST('2014-09-06 00:00:00' AS TIMESTAMP) AND p.Score<=48 AND p.AnswerCount<=8 AND b.\\\""Date\\\"">=CAST('2011-01-03 20:50:19' AS TIMESTAMP) AND b.\\\""Date\\\""<=CAST('2014-09-02 15:35:07' AS TIMESTAMP) AND u.CreationDate>=CAST('2010-11-16 06:03:04' AS TIMESTAMP)"
100-005,2,2,1,1,rewr,orig,"SELECT MIN(c.Id) FROM comments as c, votes as v WHERE c.UserId = v.UserId AND c.Score=0"
101-043,4,8,5,3,rewr,orig,"SELECT MIN(ph.Id) FROM postHistory as ph, posts as p, users as u, badges as b WHERE u.Id = p.OwnerUserId AND p.OwnerUserId = ph.UserId AND ph.UserId = b.UserId AND ph.PostHistoryTypeId=3 AND p.Score>=-7 AND u.Reputation>=1 AND u.UpVotes>=0 AND u.UpVotes<=117"
102-002,2,3,2,1,rewr,orig,"SELECT MIN(c.Id) FROM comments as c, badges as b WHERE c.UserId = b.UserId AND c.Score=0 AND b.\\\""Date\\\""<=CAST('2014-09-11 14:33:06' AS TIMESTAMP)"
103-015,3,7,5,2,rewr,orig,"SELECT MIN(c.Id) FROM comments as c, badges as b, users as u WHERE u.Id = c.UserId AND c.UserId = b.UserId AND c.Score=0 AND c.CreationDate>=CAST('2010-07-24 06:46:49' AS TIMESTAMP) AND b.\\\""Date\\\"">=CAST('2010-07-19 20:34:06' AS TIMESTAMP) AND b.\\\""Date\\\""<=CAST('2014-09-12 15:11:36' AS TIMESTAMP) AND u.UpVotes>=0"
104-088,3,7,5,2,rewr,orig,"SELECT MIN(c.Id) FROM comments as c, badges as b, users as u WHERE c.UserId = u.Id AND b.UserId = u.Id AND c.Score=0 AND c.CreationDate>=CAST('2010-07-24 06:46:49' AS TIMESTAMP) AND b.\\\""Date\\\"">=CAST('2010-07-19 20:34:06' AS TIMESTAMP) AND b.\\\""Date\\\""<=CAST('2014-09-12 15:11:36' AS TIMESTAMP) AND u.UpVotes>=0"
105-085,3,5,3,2,rewr,orig,"SELECT MIN(c.Id) FROM comments as c, votes as v, users as u WHERE u.Id = c.UserId AND u.Id = v.UserId AND v.CreationDate<=CAST('2014-09-11 00:00:00' AS TIMESTAMP) AND u.CreationDate>=CAST('2010-07-19 20:11:48' AS TIMESTAMP) AND u.CreationDate<=CAST('2014-07-09 20:37:10' AS TIMESTAMP)"
106-084,3,7,5,2,rewr,orig,"SELECT MIN(c.Id) FROM comments as c, votes as v, users as u WHERE u.Id = c.UserId AND u.Id = v.UserId AND c.CreationDate>=CAST('2010-07-27 15:46:34' AS TIMESTAMP) AND c.CreationDate<=CAST('2014-09-12 08:15:14' AS TIMESTAMP) AND v.CreationDate>=CAST('2010-07-19 00:00:00' AS TIMESTAMP) AND v.CreationDate<=CAST('2014-09-10 00:00:00' AS TIMESTAMP) AND u.CreationDate<=CAST('2014-09-03 01:06:41' AS TIMESTAMP)"
107-104,4,8,5,3,rewr,rewr,"SELECT MIN(c.Id) FROM comments as c, postHistory as ph, votes as v, users as u WHERE v.UserId = u.Id AND c.UserId = u.Id AND ph.UserId = u.Id AND ph.CreationDate>=CAST('2010-07-28 09:11:34' AS TIMESTAMP) AND ph.CreationDate<=CAST('2014-09-06 06:51:53' AS TIMESTAMP) AND u.DownVotes<=0 AND u.UpVotes>=0 AND u.UpVotes<=72"
108-060,6,8,3,5,rewr,orig,"SELECT MIN(c.Id) FROM comments as c, posts as p, postLinks as pl, votes as v, badges as b, users as u WHERE p.Id = c.PostId AND p.Id = pl.RelatedPostId AND p.Id = v.PostId AND u.Id = p.OwnerUserId AND u.Id = b.UserId AND u.Views<=190 AND u.CreationDate>=CAST('2010-07-20 08:05:39' AS TIMESTAMP) AND u.CreationDate<=CAST('2014-08-27 09:31:28' AS TIMESTAMP)"
109-133,5,13,9,4,rewr,orig,"SELECT MIN(c.Id) FROM comments as c, postHistory as ph, badges as b, votes as v, users as u WHERE ph.UserId = u.Id AND v.UserId = u.Id AND c.UserId = u.Id AND b.UserId = u.Id AND b.\\\""Date\\\"">=CAST('2010-09-26 12:17:14' AS TIMESTAMP) AND v.BountyAmount>=0 AND v.CreationDate>=CAST('2010-07-20 00:00:00' AS TIMESTAMP) AND v.CreationDate<=CAST('2014-09-11 00:00:00' AS TIMESTAMP) AND u.DownVotes>=0 AND u.DownVotes<=0 AND u.UpVotes>=0 AND u.UpVotes<=31 AND u.CreationDate<=CAST('2014-08-06 20:38:52' AS TIMESTAMP)"
110-138,5,8,4,4,rewr,orig,"SELECT MIN(t.Id) FROM tags as t, posts as p, users as u, votes as v, badges as b WHERE u.Id = b.UserId AND u.Id = p.OwnerUserId AND u.Id = v.UserId AND p.Id = t.ExcerptPostId AND p.CommentCount>=0 AND p.CommentCount<=13 AND u.Reputation>=1 AND b.\\\""Date\\\""<=CAST('2014-09-06 17:33:22' AS TIMESTAMP)"
111-056,5,5,1,4,rewr,orig,"SELECT MIN(t.Id) FROM tags as t, posts as p, users as u, votes as v, badges as b WHERE p.Id = t.ExcerptPostId AND u.Id = v.UserId AND u.Id = b.UserId AND u.Id = p.OwnerUserId AND u.DownVotes>=0"
112-028,4,5,2,3,rewr,orig,"SELECT MIN(v.Id) FROM votes as v, posts as p, badges as b, users as u WHERE p.Id = v.PostId AND u.Id = p.OwnerUserId AND u.Id = b.UserId AND p.Score<=22 AND u.Reputation>=1"
113-113,4,6,3,3,rewr,rewr,"SELECT MIN(c.Id) FROM comments as c, postHistory as ph, badges as b, users as u WHERE u.Id = b.UserId AND u.Id = ph.UserId AND u.Id = c.UserId AND c.CreationDate<=CAST('2014-09-10 00:33:30' AS TIMESTAMP) AND u.DownVotes<=0 AND u.UpVotes<=47"
114-049,5,14,10,4,rewr,orig,"SELECT MIN(c.Id) FROM comments as c, posts as p, votes as v, badges as b, users as u WHERE u.Id =c.UserId AND c.UserId = p.OwnerUserId AND p.OwnerUserId = v.UserId AND v.UserId = b.UserId AND c.Score=1 AND p.Score>=-1 AND p.Score<=29 AND p.CreationDate>=CAST('2010-07-19 20:40:36' AS TIMESTAMP) AND p.CreationDate<=CAST('2014-09-10 20:52:30' AS TIMESTAMP) AND v.BountyAmount<=50 AND b.\\\""Date\\\""<=CAST('2014-08-25 19:05:46' AS TIMESTAMP) AND u.DownVotes<=11 AND u.CreationDate>=CAST('2010-07-31 17:32:56' AS TIMESTAMP) AND u.CreationDate<=CAST('2014-09-07 16:06:26' AS TIMESTAMP)"
115-144,6,11,6,5,rewr,orig,"SELECT MIN(c.Id) FROM comments as c, posts as p, postHistory as ph, votes as v, badges as b, users as u WHERE u.Id = p.OwnerUserId AND p.Id = v.PostId AND p.Id = c.PostId AND u.Id = b.UserId AND p.Id = ph.PostId AND p.AnswerCount>=0 AND p.CommentCount>=0 AND b.\\\""Date\\\""<=CAST('2014-09-11 21:46:02' AS TIMESTAMP) AND u.Reputation>=1 AND u.Reputation<=642 AND u.DownVotes>=0"
116-032,4,14,11,3,rewr,orig,"SELECT MIN(c.Id) FROM comments as c, postHistory as ph, votes as v, users as u WHERE u.Id = v.UserId AND v.UserId = ph.UserId AND ph.UserId =c.UserId AND c.CreationDate>=CAST('2010-08-12 20:33:46' AS TIMESTAMP) AND c.CreationDate<=CAST('2014-09-13 19:26:55' AS TIMESTAMP) AND ph.CreationDate>=CAST('2011-04-11 14:46:09' AS TIMESTAMP) AND ph.CreationDate<=CAST('2014-08-17 16:37:23' AS TIMESTAMP) AND v.CreationDate>=CAST('2010-07-26 00:00:00' AS TIMESTAMP) AND v.CreationDate<=CAST('2014-09-12 00:00:00' AS TIMESTAMP) AND u.Views>=0 AND u.Views<=783 AND u.DownVotes>=0 AND u.DownVotes<=1 AND u.UpVotes<=123"
117-114,4,12,9,3,rewr,orig,"SELECT MIN(c.Id) FROM comments as c, postHistory as ph, badges as b, users as u WHERE u.Id = b.UserId AND u.Id = ph.UserId AND u.Id = c.UserId AND ph.PostHistoryTypeId=2 AND ph.CreationDate<=CAST('2014-08-01 13:56:22' AS TIMESTAMP) AND b.\\\""Date\\\""<=CAST('2014-09-02 23:33:16' AS TIMESTAMP) AND u.Views>=0 AND u.DownVotes>=0 AND u.UpVotes>=0 AND u.UpVotes<=62 AND u.CreationDate>=CAST('2010-07-27 17:10:30' AS TIMESTAMP) AND u.CreationDate<=CAST('2014-07-31 18:48:36' AS TIMESTAMP)"
118-074,6,11,6,5,rewr,rewr,"SELECT MIN(c.Id) FROM comments as c, posts as p, postHistory as ph, votes as v, badges as b, users as u WHERE u.Id = p.OwnerUserId AND u.Id = b.UserId AND p.Id = c.PostId AND p.Id = ph.PostId AND p.Id = v.PostId AND p.PostTypeId=1 AND p.Score<=192 AND p.ViewCount>=0 AND p.ViewCount<=2772 AND p.AnswerCount<=5 AND u.DownVotes>=0"
119-098,4,9,6,3,rewr,rewr,"SELECT MIN(c.Id) FROM comments as c, posts as p, votes as v, users as u WHERE u.Id = p.OwnerUserId AND u.Id = c.UserId AND u.Id = v.UserId AND p.Score<=52 AND p.AnswerCount>=0 AND v.CreationDate>=CAST('2010-07-20 00:00:00' AS TIMESTAMP) AND u.UpVotes>=0 AND u.CreationDate>=CAST('2010-10-05 05:52:35' AS TIMESTAMP) AND u.CreationDate<=CAST('2014-09-08 15:55:02' AS TIMESTAMP)"
120-115,4,9,6,3,rewr,rewr,"SELECT MIN(c.Id) FROM comments as c, postHistory as ph, badges as b, users as u WHERE u.Id = b.UserId AND u.Id = ph.UserId AND u.Id = c.UserId AND c.CreationDate<=CAST('2014-08-28 00:18:24' AS TIMESTAMP) AND b.\\\""Date\\\"">=CAST('2010-09-15 02:50:48' AS TIMESTAMP) AND u.Reputation>=1 AND u.Reputation<=1443 AND u.DownVotes>=0 AND u.DownVotes<=3"
121-097,4,16,13,3,rewr,rewr,"SELECT MIN(c.Id) FROM comments as c, posts as p, votes as v, users as u WHERE u.Id = p.OwnerUserId AND u.Id = c.UserId AND u.Id = v.UserId AND c.CreationDate>=CAST('2010-07-27 12:03:40' AS TIMESTAMP) AND p.Score>=0 AND p.Score<=28 AND p.ViewCount>=0 AND p.ViewCount<=6517 AND p.AnswerCount>=0 AND p.AnswerCount<=5 AND p.FavoriteCount>=0 AND p.FavoriteCount<=8 AND p.CreationDate>=CAST('2010-07-27 11:29:20' AS TIMESTAMP) AND p.CreationDate<=CAST('2014-09-13 02:50:15' AS TIMESTAMP) AND u.Views>=0 AND u.CreationDate>=CAST('2010-07-27 09:38:05' AS TIMESTAMP)"
122-071,6,8,3,5,rewr,rewr,"SELECT MIN(c.Id) FROM comments as c, posts as p, postLinks as pl, postHistory as ph, votes as v, badges as b WHERE p.Id = c.PostId AND p.Id = pl.RelatedPostId AND p.Id = ph.PostId AND p.Id = v.PostId AND b.UserId = c.UserId AND p.CommentCount>=0 AND ph.PostHistoryTypeId=2 AND v.VoteTypeId=5"
123-047,5,12,8,4,rewr,rewr,"SELECT MIN(c.Id) FROM comments as c, posts as p, postHistory as ph, votes as v, users as u WHERE u.Id = c.UserId AND c.UserId = p.OwnerUserId AND p.OwnerUserId = ph.UserId AND ph.UserId = v.UserId AND p.Score<=13 AND p.AnswerCount>=0 AND p.AnswerCount<=4 AND p.CommentCount>=0 AND p.FavoriteCount<=2 AND ph.PostHistoryTypeId=3 AND v.BountyAmount<=50 AND u.DownVotes>=0"
124-070,6,16,11,5,rewr,rewr,"SELECT MIN(c.Id) FROM comments as c, posts as p, postLinks as pl, postHistory as ph, votes as v, badges as b WHERE p.Id = c.PostId AND p.Id = pl.RelatedPostId AND p.Id = ph.PostId AND p.Id = v.PostId AND b.UserId = c.UserId AND c.CreationDate>=CAST('2010-07-26 20:21:15' AS TIMESTAMP) AND c.CreationDate<=CAST('2014-09-13 18:12:10' AS TIMESTAMP) AND p.Score<=61 AND p.ViewCount<=3627 AND p.AnswerCount>=0 AND p.AnswerCount<=5 AND p.CommentCount<=8 AND p.FavoriteCount>=0 AND v.VoteTypeId=2 AND v.CreationDate>=CAST('2010-07-27 00:00:00' AS TIMESTAMP) AND b.\\\""Date\\\"">=CAST('2010-07-30 03:49:24' AS TIMESTAMP)"
125-051,5,13,9,4,rewr,rewr,"SELECT MIN(c.Id) FROM comments as c, posts as p, postHistory as ph, badges as b, users as u WHERE u.Id = c.UserId AND u.Id = p.OwnerUserId AND u.Id = ph.UserId AND u.Id = b.UserId AND c.CreationDate>=CAST('2010-07-31 05:18:59' AS TIMESTAMP) AND c.CreationDate<=CAST('2014-09-12 07:59:13' AS TIMESTAMP) AND p.Score>=-2 AND p.ViewCount>=0 AND p.ViewCount<=18281 AND ph.PostHistoryTypeId=2 AND b.\\\""Date\\\"">=CAST('2010-10-20 08:33:44' AS TIMESTAMP) AND u.Views>=0 AND u.Views<=75"
126-059,6,15,10,5,rewr,rewr,"SELECT MIN(p.Id) FROM posts as p, postLinks as pl, postHistory as ph, votes as v, badges as b, users as u WHERE p.Id = pl.RelatedPostId AND u.Id = p.OwnerUserId AND u.Id = b.UserId AND u.Id = ph.UserId AND u.Id = v.UserId AND p.AnswerCount>=0 AND p.FavoriteCount>=0 AND pl.LinkTypeId=1 AND ph.PostHistoryTypeId=2 AND v.CreationDate>=CAST('2010-07-20 00:00:00' AS TIMESTAMP) AND u.Reputation>=1 AND u.DownVotes>=0 AND u.DownVotes<=0 AND u.UpVotes<=439 AND u.CreationDate<=CAST('2014-08-07 11:18:45' AS TIMESTAMP)"
127-038,4,10,7,3,rewr,rewr,"SELECT MIN(c.Id) FROM comments as c, postHistory as ph, badges as b, users as u WHERE u.Id = c.UserId AND u.Id = ph.UserId AND u.Id = b.UserId AND c.Score=0 AND c.CreationDate>=CAST('2010-09-05 16:04:35' AS TIMESTAMP) AND c.CreationDate<=CAST('2014-09-11 04:35:36' AS TIMESTAMP) AND ph.PostHistoryTypeId=1 AND ph.CreationDate>=CAST('2010-07-26 20:01:58' AS TIMESTAMP) AND ph.CreationDate<=CAST('2014-09-13 17:29:23' AS TIMESTAMP) AND b.\\\""Date\\\""<=CAST('2014-09-04 08:54:56' AS TIMESTAMP)"
128-069,6,10,5,5,rewr,rewr,"SELECT MIN(c.Id) FROM comments as c, posts as p, postLinks as pl, postHistory as ph, votes as v, badges as b WHERE p.Id = c.PostId AND p.Id = pl.RelatedPostId AND p.Id = ph.PostId AND p.Id = v.PostId AND b.UserId = c.UserId AND c.Score=0 AND p.Score<=32 AND p.ViewCount<=4146 AND pl.LinkTypeId=1 AND v.CreationDate<=CAST('2014-09-10 00:00:00' AS TIMESTAMP)"
129-140,7,18,12,6,rewr,rewr,"SELECT MIN(c.Id) FROM comments as c, posts as p, postLinks as pl, postHistory as ph, votes as v, badges as b, users as u WHERE p.Id = pl.RelatedPostId AND b.UserId = u.Id AND c.UserId = u.Id AND p.Id = v.PostId AND p.Id = c.PostId AND p.Id = ph.PostId AND c.Score=0 AND p.ViewCount>=0 AND p.AnswerCount<=5 AND p.CommentCount<=12 AND p.FavoriteCount>=0 AND pl.LinkTypeId=1 AND pl.CreationDate>=CAST('2011-02-16 20:04:50' AS TIMESTAMP) AND pl.CreationDate<=CAST('2014-09-01 16:48:04' AS TIMESTAMP) AND v.CreationDate>=CAST('2010-07-19 00:00:00' AS TIMESTAMP) AND v.CreationDate<=CAST('2014-08-31 00:00:00' AS TIMESTAMP) AND b.\\\""Date\\\"">=CAST('2010-08-06 10:36:45' AS TIMESTAMP) AND b.\\\""Date\\\""<=CAST('2014-09-12 07:19:35' AS TIMESTAMP)"
130-123,4,7,4,3,rewr,rewr,"SELECT MIN(ph.Id) FROM postHistory as ph, posts as p, users as u, badges as b WHERE b.UserId = u.Id AND p.OwnerUserId = u.Id AND ph.UserId = u.Id AND p.AnswerCount>=0 AND p.FavoriteCount>=0 AND p.CreationDate<=CAST('2014-09-03 03:32:35' AS TIMESTAMP) AND u.CreationDate<=CAST('2014-09-12 22:21:49' AS TIMESTAMP)"
131-143,7,14,8,6,rewr,rewr,"SELECT MIN(c.Id) FROM comments as c, posts as p, postLinks as pl, postHistory as ph, votes as v, badges as b, users as u WHERE p.Id = pl.RelatedPostId AND b.UserId = u.Id AND c.UserId = u.Id AND p.Id = v.PostId AND p.Id = c.PostId AND p.Id = ph.PostId AND c.CreationDate>=CAST('2010-08-01 19:11:47' AS TIMESTAMP) AND c.CreationDate<=CAST('2014-09-11 13:42:51' AS TIMESTAMP) AND p.AnswerCount<=4 AND p.FavoriteCount>=0 AND pl.LinkTypeId=1 AND v.VoteTypeId=2 AND v.CreationDate<=CAST('2014-09-10 00:00:00' AS TIMESTAMP) AND b.\\\""Date\\\""<=CAST('2014-08-02 12:24:29' AS TIMESTAMP)"
132-105,4,9,6,3,rewr,rewr,"SELECT MIN(c.Id) FROM comments as c, postHistory as ph, votes as v, users as u WHERE v.UserId = u.Id AND c.UserId = u.Id AND ph.UserId = u.Id AND c.Score=0 AND c.CreationDate>=CAST('2010-07-19 19:56:21' AS TIMESTAMP) AND c.CreationDate<=CAST('2014-09-11 13:36:12' AS TIMESTAMP) AND u.Views<=433 AND u.DownVotes>=0 AND u.CreationDate<=CAST('2014-09-12 21:37:39' AS TIMESTAMP)"
133-052,5,15,11,4,rewr,rewr,"SELECT MIN(c.Id) FROM comments as c, posts as p, postHistory as ph, badges as b, users as u WHERE u.Id = c.UserId AND u.Id = p.OwnerUserId AND u.Id = ph.UserId AND u.Id = b.UserId AND p.PostTypeId=1 AND p.Score<=35 AND p.AnswerCount=1 AND p.CommentCount<=17 AND p.FavoriteCount>=0 AND b.\\\""Date\\\"">=CAST('2010-07-27 17:58:45' AS TIMESTAMP) AND b.\\\""Date\\\""<=CAST('2014-09-06 17:33:22' AS TIMESTAMP) AND u.Views<=233 AND u.DownVotes<=2 AND u.CreationDate>=CAST('2010-09-16 16:00:55' AS TIMESTAMP) AND u.CreationDate<=CAST('2014-08-24 21:12:02' AS TIMESTAMP)"
134-030,4,8,5,3,rewr,rewr,"SELECT MIN(v.Id) FROM votes as v, posts as p, badges as b, users as u WHERE u.Id = v.UserId AND u.Id = p.OwnerUserId AND u.Id = b.UserId AND p.Score>=0 AND p.Score<=30 AND p.CommentCount=0 AND p.CreationDate>=CAST('2010-07-27 15:30:31' AS TIMESTAMP) AND p.CreationDate<=CAST('2014-09-04 17:45:10' AS TIMESTAMP)"
135-136,5,15,11,4,rewr,rewr,"SELECT MIN(c.Id) FROM comments as c, posts as p, postHistory as ph, badges as b, users as u WHERE u.Id = ph.UserId AND u.Id = b.UserId AND u.Id = p.OwnerUserId AND u.Id = c.UserId AND c.CreationDate>=CAST('2010-08-19 09:33:49' AS TIMESTAMP) AND c.CreationDate<=CAST('2014-08-28 06:54:21' AS TIMESTAMP) AND p.PostTypeId=1 AND p.ViewCount>=0 AND p.ViewCount<=25597 AND p.CommentCount>=0 AND p.CommentCount<=11 AND p.FavoriteCount>=0 AND u.DownVotes<=0 AND u.UpVotes>=0 AND u.UpVotes<=123"
136-142,7,17,11,6,rewr,rewr,"SELECT MIN(c.Id) FROM comments as c, posts as p, postLinks as pl, postHistory as ph, votes as v, badges as b, users as u WHERE p.Id = pl.RelatedPostId AND b.UserId = u.Id AND c.UserId = u.Id AND p.Id = v.PostId AND p.Id = c.PostId AND p.Id = ph.PostId AND c.Score=0 AND c.CreationDate>=CAST('2010-07-26 17:09:48' AS TIMESTAMP) AND p.PostTypeId=1 AND p.AnswerCount>=0 AND p.CommentCount>=0 AND p.CommentCount<=14 AND pl.CreationDate>=CAST('2010-10-27 10:02:57' AS TIMESTAMP) AND pl.CreationDate<=CAST('2014-09-04 17:23:50' AS TIMESTAMP) AND ph.CreationDate<=CAST('2014-09-11 20:09:41' AS TIMESTAMP) AND v.CreationDate>=CAST('2010-07-21 00:00:00' AS TIMESTAMP) AND v.CreationDate<=CAST('2014-09-14 00:00:00' AS TIMESTAMP)"
137-141,7,11,5,6,rewr,rewr,"SELECT MIN(c.Id) FROM comments as c, posts as p, postLinks as pl, postHistory as ph, votes as v, badges as b, users as u WHERE p.Id = pl.RelatedPostId AND b.UserId = u.Id AND c.UserId = u.Id AND p.Id = v.PostId AND p.Id = c.PostId AND p.Id = ph.PostId AND p.Score<=40 AND p.CommentCount>=0 AND p.CreationDate>=CAST('2010-07-28 17:40:56' AS TIMESTAMP) AND p.CreationDate<=CAST('2014-09-11 04:22:44' AS TIMESTAMP) AND pl.LinkTypeId=1"
138-107,4,10,7,3,rewr,rewr,"SELECT MIN(c.Id) FROM comments as c, votes as v, badges as b, users as u WHERE u.Id = b.UserId AND u.Id = c.UserId AND u.Id = v.UserId AND c.Score=1 AND c.CreationDate>=CAST('2010-08-27 14:12:07' AS TIMESTAMP) AND v.VoteTypeId=5 AND v.CreationDate>=CAST('2010-07-19 00:00:00' AS TIMESTAMP) AND v.CreationDate<=CAST('2014-09-13 00:00:00' AS TIMESTAMP) AND b.\\\""Date\\\""<=CAST('2014-08-19 10:32:13' AS TIMESTAMP) AND u.Reputation>=1"
139-034,4,6,3,3,rewr,rewr,"SELECT MIN(c.Id) FROM comments as c, votes as v, badges as b, users as u WHERE u.Id = c.UserId AND u.Id = v.UserId AND u.Id = b.UserId AND c.Score=1 AND c.CreationDate>=CAST('2010-07-20 23:17:28' AS TIMESTAMP) AND u.CreationDate>=CAST('2010-07-20 01:27:29' AS TIMESTAMP)"
140-108,4,6,3,3,rewr,rewr,"SELECT MIN(c.Id) FROM comments as c, votes as v, badges as b, users as u WHERE u.Id = b.UserId AND u.Id = c.UserId AND u.Id = v.UserId AND c.Score=1 AND c.CreationDate>=CAST('2010-07-20 23:17:28' AS TIMESTAMP) AND u.CreationDate>=CAST('2010-07-20 01:27:29' AS TIMESTAMP)"
141-068,6,7,2,5,rewr,rewr,"SELECT MIN(c.Id) FROM comments as c, posts as p, postLinks as pl, postHistory as ph, votes as v, badges as b WHERE p.Id = c.PostId AND p.Id = pl.RelatedPostId AND p.Id = ph.PostId AND p.Id = v.PostId AND b.UserId = c.UserId AND v.CreationDate>=CAST('2010-07-19 00:00:00' AS TIMESTAMP) AND v.CreationDate<=CAST('2014-09-10 00:00:00' AS TIMESTAMP)"
142-135,5,10,6,4,rewr,rewr,"SELECT MIN(c.Id) FROM comments as c, posts as p, postHistory as ph, badges as b, users as u WHERE u.Id = ph.UserId AND u.Id = b.UserId AND u.Id = p.OwnerUserId AND u.Id = c.UserId AND c.Score=0 AND p.PostTypeId=1 AND p.ViewCount>=0 AND p.ViewCount<=4157 AND p.FavoriteCount=0 AND p.CreationDate<=CAST('2014-09-08 09:58:16' AS TIMESTAMP)"
143-126,4,4,1,3,rewr,rewr,"SELECT MIN(ph.Id) FROM postHistory as ph, votes as v, users as u, badges as b WHERE u.Id = b.UserId AND u.Id = ph.UserId AND u.Id = v.UserId AND u.Views>=0"
dblp-path02,3,2,0,2,rewr,rewr,"select MIN(p1.toNode) from dblp p1, dblp p2, dblp p3 where p1.toNode = p2.fromNode AND p2.toNode = p3.fromNode"
dblp-path03,4,3,0,3,rewr,rewr,"select MIN(p1.toNode) from dblp p1, dblp p2, dblp p3, dblp p4 where p1.toNode = p2.fromNode AND p2.toNode = p3.fromNode AND p3.toNode = p4.fromNode"
2a,5,7,2,5,rewr,orig,"SELECT MIN(t.title) AS movie_title FROM company_name AS cn, keyword AS k, movie_companies AS mc, movie_keyword AS mk, title AS t WHERE cn.country_code ='[de]' AND k.keyword ='character-name-in-title' AND cn.id = mc.company_id AND mc.movie_id = t.id AND t.id = mk.movie_id AND mk.keyword_id = k.id AND mc.movie_id = mk.movie_id"
2b,5,7,2,5,rewr,orig,"SELECT MIN(t.title) AS movie_title FROM company_name AS cn, keyword AS k, movie_companies AS mc, movie_keyword AS mk, title AS t WHERE cn.country_code ='[nl]' AND k.keyword ='character-name-in-title' AND cn.id = mc.company_id AND mc.movie_id = t.id AND t.id = mk.movie_id AND mk.keyword_id = k.id AND mc.movie_id = mk.movie_id"
2c,5,7,2,5,rewr,orig,"SELECT MIN(t.title) AS movie_title FROM company_name AS cn, keyword AS k, movie_companies AS mc, movie_keyword AS mk, title AS t WHERE cn.country_code ='[sm]' AND k.keyword ='character-name-in-title' AND cn.id = mc.company_id AND mc.movie_id = t.id AND t.id = mk.movie_id AND mk.keyword_id = k.id AND mc.movie_id = mk.movie_id"
2d,5,7,2,5,orig,orig,"SELECT MIN(t.title) AS movie_title FROM company_name AS cn, keyword AS k, movie_companies AS mc, movie_keyword AS mk, title AS t WHERE cn.country_code ='[us]' AND k.keyword ='character-name-in-title' AND cn.id = mc.company_id AND mc.movie_id = t.id AND t.id = mk.movie_id AND mk.keyword_id = k.id AND mc.movie_id = mk.movie_id"
3a,4,4,3,4,orig,orig,"SELECT MIN(t.title) AS movie_title FROM keyword AS k, movie_info AS mi, movie_keyword AS mk, title AS t WHERE k.keyword LIKE '%sequel%' AND mi.info IN ('Sweden', 'Norway', 'Germany', 'Denmark', 'Swedish', 'Denish', 'Norwegian', 'German') AND t.production_year > 2005 AND t.id = mi.movie_id AND t.id = mk.movie_id AND mk.movie_id = mi.movie_id AND k.id = mk.keyword_id"
3b,4,4,3,4,orig,orig,"SELECT MIN(t.title) AS movie_title FROM keyword AS k, movie_info AS mi, movie_keyword AS mk, title AS t WHERE k.keyword LIKE '%sequel%' AND mi.info IN ('Bulgaria') AND t.production_year > 2010 AND t.id = mi.movie_id AND t.id = mk.movie_id AND mk.movie_id = mi.movie_id AND k.id = mk.keyword_id"
3c,4,4,3,4,orig,orig,"SELECT MIN(t.title) AS movie_title FROM keyword AS k, movie_info AS mi, movie_keyword AS mk, title AS t WHERE k.keyword LIKE '%sequel%' AND mi.info IN ('Sweden', 'Norway', 'Germany', 'Denmark', 'Swedish', 'Denish', 'Norwegian', 'German', 'USA', 'American') AND t.production_year > 1990 AND t.id = mi.movie_id AND t.id = mk.movie_id AND mk.movie_id = mi.movie_id AND k.id = mk.keyword_id"
5a,5,6,5,5,orig,orig,"SELECT MIN(t.title) AS typical_european_movie FROM company_type AS ct, info_type AS it, movie_companies AS mc, movie_info AS mi, title AS t WHERE ct.kind = 'production companies' AND mc.note LIKE '%(theatrical)%' AND mc.note LIKE '%(France)%' AND mi.info IN ('Sweden', 'Norway', 'Germany', 'Denmark', 'Swedish', 'Denish', 'Norwegian', 'German') AND t.production_year > 2005 AND t.id = mi.movie_id AND t.id = mc.movie_id AND mc.movie_id = mi.movie_id AND ct.id = mc.company_type_id AND it.id = mi.info_type_id"
5b,5,6,6,5,orig,orig,"SELECT MIN(t.title) AS american_vhs_movie FROM company_type AS ct, info_type AS it, movie_companies AS mc, movie_info AS mi, title AS t WHERE ct.kind = 'production companies' AND mc.note LIKE '%(VHS)%' AND mc.note LIKE '%(USA)%' AND mc.note LIKE '%(1994)%' AND mi.info IN ('USA', 'America') AND t.production_year > 2010 AND t.id = mi.movie_id AND t.id = mc.movie_id AND mc.movie_id = mi.movie_id AND ct.id = mc.company_type_id AND it.id = mi.info_type_id"
5c,5,6,5,5,orig,orig,"SELECT MIN(t.title) AS american_movie FROM company_type AS ct, info_type AS it, movie_companies AS mc, movie_info AS mi, title AS t WHERE ct.kind = 'production companies' AND mc.note NOT LIKE '%(TV)%' AND mc.note LIKE '%(USA)%' AND mi.info IN ('Sweden', 'Norway', 'Germany', 'Denmark', 'Swedish', 'Denish', 'Norwegian', 'German', 'USA', 'American') AND t.production_year > 1990 AND t.id = mi.movie_id AND t.id = mc.movie_id AND mc.movie_id = mi.movie_id AND ct.id = mc.company_type_id AND it.id = mi.info_type_id"
17d,7,10,2,9,rewr,rewr,"SELECT MIN(n.name) AS member_in_charnamed_movie FROM cast_info AS ci, company_name AS cn, keyword AS k, movie_companies AS mc, movie_keyword AS mk, name AS n, title AS t WHERE k.keyword ='character-name-in-title' AND n.name LIKE '%Bert%' AND n.id = ci.person_id AND ci.movie_id = t.id AND t.id = mk.movie_id AND mk.keyword_id = k.id AND t.id = mc.movie_id AND mc.company_id = cn.id AND ci.movie_id = mc.movie_id AND ci.movie_id = mk.movie_id AND mc.movie_id = mk.movie_id"
17e,7,11,2,9,orig,orig,"SELECT MIN(n.name) AS member_in_charnamed_movie FROM cast_info AS ci, company_name AS cn, keyword AS k, movie_companies AS mc, movie_keyword AS mk, name AS n, title AS t WHERE cn.country_code ='[us]' AND k.keyword ='character-name-in-title' AND n.id = ci.person_id AND ci.movie_id = t.id AND t.id = mk.movie_id AND mk.keyword_id = k.id AND t.id = mc.movie_id AND mc.company_id = cn.id AND ci.movie_id = mc.movie_id AND ci.movie_id = mk.movie_id AND mc.movie_id = mk.movie_id"
17f,7,10,2,9,orig,orig,"SELECT MIN(n.name) AS member_in_charnamed_movie FROM cast_info AS ci, company_name AS cn, keyword AS k, movie_companies AS mc, movie_keyword AS mk, name AS n, title AS t WHERE k.keyword ='character-name-in-title' AND n.name LIKE '%B%' AND n.id = ci.person_id AND ci.movie_id = t.id AND t.id = mk.movie_id AND mk.keyword_id = k.id AND t.id = mc.movie_id AND mc.company_id = cn.id AND ci.movie_id = mc.movie_id AND ci.movie_id = mk.movie_id AND mc.movie_id = mk.movie_id"
20a,10,14,6,13,orig,orig,"SELECT MIN(t.title) AS complete_downey_ironman_movie FROM complete_cast AS cc, comp_cast_type AS cct1, comp_cast_type AS cct2, char_name AS chn, cast_info AS ci, keyword AS k, kind_type AS kt, movie_keyword AS mk, name AS n, title AS t WHERE cct1.kind = 'cast' AND cct2.kind LIKE '%complete%' AND chn.name NOT LIKE '%Sherlock%' AND (chn.name LIKE '%Tony%Stark%' OR chn.name LIKE '%Iron%Man%') AND k.keyword IN ('superhero', 'sequel', 'second-part', 'marvel-comics', 'based-on-comic', 'tv-special', 'fight', 'violence') AND kt.kind = 'movie' AND t.production_year > 1950 AND kt.id = t.kind_id AND t.id = mk.movie_id AND t.id = ci.movie_id AND t.id = cc.movie_id AND mk.movie_id = ci.movie_id AND mk.movie_id = cc.movie_id AND ci.movie_id = cc.movie_id AND chn.id = ci.person_role_id AND n.id = ci.person_id AND k.id = mk.keyword_id AND cct1.id = cc.subject_id AND cct2.id = cc.status_id"
20b,10,14,7,13,orig,orig,"SELECT MIN(t.title) AS complete_downey_ironman_movie FROM complete_cast AS cc, comp_cast_type AS cct1, comp_cast_type AS cct2, char_name AS chn, cast_info AS ci, keyword AS k, kind_type AS kt, movie_keyword AS mk, name AS n, title AS t WHERE cct1.kind = 'cast' AND cct2.kind LIKE '%complete%' AND chn.name NOT LIKE '%Sherlock%' AND (chn.name LIKE '%Tony%Stark%' OR chn.name LIKE '%Iron%Man%') AND k.keyword IN ('superhero', 'sequel', 'second-part', 'marvel-comics', 'based-on-comic', 'tv-special', 'fight', 'violence') AND kt.kind = 'movie' AND n.name LIKE '%Downey%Robert%' AND t.production_year > 2000 AND kt.id = t.kind_id AND t.id = mk.movie_id AND t.id = ci.movie_id AND t.id = cc.movie_id AND mk.movie_id = ci.movie_id AND mk.movie_id = cc.movie_id AND ci.movie_id = cc.movie_id AND chn.id = ci.person_role_id AND n.id = ci.person_id AND k.id = mk.keyword_id AND cct1.id = cc.subject_id AND cct2.id = cc.status_id"
q1,10,9,0,9,rewr,rewr,"SELECT MIN(Country.CountryId) FROM Country, City, Person, Forum_hasMember_Person, Forum, Post, Comment, Comment_hasTag_Tag, Tag, TagClass WHERE City.isPartOf_CountryId = Country.CountryId AND Person.isLocatedIn_CityId = City.CityId AND Forum_hasMember_Person.PersonId = Person.PersonId AND Forum.ForumId = Forum_hasMember_Person.ForumId AND Post.Forum_containerOfId = Forum.ForumId AND Comment.replyOf_PostId = Post.PostId AND Comment_hasTag_Tag.CommentId = Comment.CommentId AND Tag.TagId = Comment_hasTag_Tag.TagId AND Tag.hasType_TagClassId = TagClass.TagClassId"
